,movies,rating,year,country,genr,director,actor
0,肖申克的救赎,9.6,1994,美国,犯罪 剧情, 弗兰克·德拉邦特 Frank Darabont, 蒂姆·罗宾斯 Tim Robbins /...
1,霸王别姬,9.6,1993,中国大陆 香港,剧情 爱情 同性, 陈凯歌 Kaige Chen, 张国荣 Leslie Cheung / 张丰毅 Fengyi Zha...
2,这个杀手不太冷,9.4,1994,法国,剧情 动作 犯罪, 吕克·贝松 Luc Besson, 让·雷诺 Jean Reno / 娜塔莉·波特曼 ...
3,阿甘正传,9.4,1994,美国,剧情 爱情, 罗伯特·泽米吉斯 Robert Zemeckis, 汤姆·汉克斯 Tom Hanks / ...
4,美丽人生,9.5,1997,意大利,剧情 喜剧 爱情 战争, 罗伯托·贝尼尼 Roberto Benigni, 罗伯托·贝尼尼 Roberto Beni...
5,泰坦尼克号,9.3,1997,美国,剧情 爱情 灾难, 詹姆斯·卡梅隆 James Cameron, 莱昂纳多·迪卡普里奥 Leonardo...
6,千与千寻,9.3,2001,日本,剧情 动画 奇幻, 宫崎骏 Hayao Miyazaki, 柊瑠美 Rumi Hîragi / 入野自由 Miy...
7,辛德勒的名单,9.5,1993,美国,剧情 历史 战争, 史蒂文·斯皮尔伯格 Steven Spielberg, 连姆·尼森 Liam Neeson...
8,盗梦空间,9.3,2010,美国 英国,剧情 科幻 悬疑 冒险, 克里斯托弗·诺兰 Christopher Nolan, 莱昂纳多·迪卡普里奥 Le...
9,忠犬八公的故事,9.3,2009,美国 英国,剧情, 莱塞·霍尔斯道姆 Lasse Hallström, 理查·基尔 Richard Ger...
10,机器人总动员,9.3,2008,美国,爱情 科幻 动画 冒险, 安德鲁·斯坦顿 Andrew Stanton, 本·贝尔特 Ben Burtt / 艾丽...
11,三傻大闹宝莱坞,9.2,2009,印度,剧情 喜剧 爱情 歌舞, 拉库马·希拉尼 Rajkumar Hirani, 阿米尔·汗 Aamir Khan / 卡...
12,海上钢琴师,9.2,1998,意大利,剧情 音乐, 朱塞佩·托纳多雷 Giuseppe Tornatore, 蒂姆·罗斯 Tim Roth / ...
13,放牛班的春天,9.3,2004,法国 瑞士 德国,剧情 音乐, 克里斯托夫·巴拉蒂 Christophe Barratier, 热拉尔·朱尼奥 Gé...
14,楚门的世界,9.2,1998,美国,剧情 科幻, 彼得·威尔 Peter Weir, 金·凯瑞 Jim Carrey / 劳拉·琳妮 Lau...
15,大话西游之大圣娶亲,9.2,1995,香港 中国大陆,喜剧 爱情 奇幻 古装, 刘镇伟 Jeffrey Lau, 周星驰 Stephen Chow / 吴孟达 Man Tat Ng...
16,星际穿越,9.2,2014,美国 英国 加拿大 冰岛,剧情 科幻 冒险, 克里斯托弗·诺兰 Christopher Nolan, 马修·麦康纳 Matthew Mc...
17,龙猫,9.2,1988,日本,动画 奇幻 冒险, 宫崎骏 Hayao Miyazaki, 日高法子 Noriko Hidaka / 坂本千夏 Ch...
18,教父,9.2,1972,美国,剧情 犯罪, 弗朗西斯·福特·科波拉 Francis Ford Coppola, 马龙·白兰度 M...
19,熔炉,9.3,2011,韩国,剧情, 黄东赫 Dong-hyuk Hwang, 孔侑 Yoo Gong / 郑有美 Yu-mi Jeong ...
20,无间道,9.1,2002,香港,剧情 犯罪 悬疑, 刘伟强 / 麦兆辉, 刘德华 / 梁朝伟 / 黄秋生
21,疯狂动物城,9.2,2016,美国,喜剧 动画 冒险, 拜伦·霍华德 Byron Howard / 瑞奇·摩尔 Rich Moore, 金妮弗·...
22,当幸福来敲门,9.0,2006,美国,剧情 传记 家庭, 加布里尔·穆奇诺 Gabriele Muccino, 威尔·史密斯 Will Smith ...
23,怦然心动,9.0,2010,美国,剧情 喜剧 爱情, 罗伯·莱纳 Rob Reiner, 玛德琳·卡罗尔 Madeline Carroll / 卡...
24,触不可及,9.2,2011,法国,剧情 喜剧, 奥利维·那卡什 Olivier Nakache / 艾力克·托兰达 Eric Toledano,None
25,蝙蝠侠：黑暗骑士,9.1,2008,美国 英国,剧情 动作 科幻 犯罪 惊悚, 克里斯托弗·诺兰 Christopher Nolan, 克里斯蒂安·贝尔 Christ...
26,乱世佳人,9.2,1939,美国,剧情 历史 爱情 战争, 维克多·弗莱明 Victor Fleming / 乔治·库克 George Cukor, 费...
27,活着,9.2,1994,中国大陆 香港,剧情 历史 家庭, 张艺谋 Yimou Zhang, 葛优 You Ge / 巩俐 Li Gong / 姜武 Wu Jiang
28,少年派的奇幻漂流,9.0,2012,美国 台湾 英国 加拿大,剧情 奇幻 冒险, 李安 Ang Lee, 苏拉·沙玛 Suraj Sharma / 伊尔凡·可汗 Irrfan...
29,控方证人,9.6,1957,美国,剧情 犯罪 悬疑, 比利·怀尔德 Billy Wilder, 泰隆·鲍华 Tyrone Power / 玛琳·...
30,天堂电影院,9.2,1988,意大利 法国,剧情 爱情, 朱塞佩·托纳多雷 Giuseppe Tornatore, 安东内拉·阿蒂利 Anton...
31,鬼子来了,9.2,2000,中国大陆,剧情 历史 战争, 姜文 Wen Jiang, 姜文 Wen Jiang / 香川照之 Teruyuki Kagawa /...
32,指环王3：王者无敌,9.1,2003,美国 新西兰,剧情 动作 奇幻 冒险, 彼得·杰克逊 Peter Jackson, 维果·莫腾森 Viggo Mortensen / ...
33,十二怒汉,9.4,1957,美国,剧情, Sidney Lumet, 亨利·方达 Henry Fonda / 马丁·鲍尔萨姆 Marti...
34,天空之城,9.1,1986,日本,动画 奇幻 冒险, 宫崎骏 Hayao Miyazaki, 田中真弓 Mayumi Tanaka / 横泽启子 Ke...
35,摔跤吧！爸爸,9.0,2016,印度,剧情 传记 运动 家庭, 涅提·蒂瓦里 Nitesh Tiwari, 阿米尔·汗 Aamir Khan / 法缇玛...
36,飞屋环游记,8.9,2009,美国,剧情 喜剧 动画 冒险, 彼特·道格特 Pete Docter / 鲍勃·彼德森 Bob Peterson, 爱德...
37,大话西游之月光宝盒,9.0,1995,香港 中国大陆,喜剧 爱情 奇幻 古装, 刘镇伟 Jeffrey Lau, 周星驰 Stephen Chow / 吴孟达 Man Tat Ng...
38,搏击俱乐部,9.0,1999,美国 德国,剧情 动作 悬疑 惊悚, 大卫·芬奇 David Fincher, 爱德华·诺顿 Edward Norton / 布拉...
39,罗马假日,9.0,1953,美国,喜剧 剧情 爱情, 威廉·惠勒 William Wyler, 奥黛丽·赫本 Audrey Hepburn / 格...
40,哈尔的移动城堡,9.0,2004,日本,动画 奇幻 冒险, 宫崎骏 Hayao Miyazaki, 倍赏千惠子 Chieko Baishô / 木村拓...
41,闻香识女人,9.0,1992,美国,剧情, 马丁·布莱斯 Martin Brest, 阿尔·帕西诺 Al Pacino / 克里斯...
42,辩护人,9.2,2013,韩国,剧情, 杨宇硕 Woo-seok Yang, 宋康昊 Kang-ho Song / 吴达洙 Dal-su O...
43,窃听风暴,9.1,2006,德国,剧情 悬疑, 弗洛里安·亨克尔·冯·多纳斯马尔克 Florian Henckel von Donnersmarck,None
44,末代皇帝,9.1,1987,英国 意大利 中国大陆 法国 美国,剧情 传记 历史, 贝纳尔多·贝托鲁奇 Bernardo Bertolucci, 尊龙 John Lone / 陈...
45,两杆大烟枪,9.1,1998,英国,剧情 喜剧 犯罪, Guy Ritchie, Jason Flemyng / Dexter Fletcher / Nick Moran
46,飞越疯人院,9.1,1975,美国,剧情, 米洛斯·福尔曼 Miloš Forman, 杰克·尼科尔森 Jack Nichols...
47,死亡诗社,9.0,1989,美国,剧情, 彼得·威尔 Peter Weir, 罗宾·威廉姆斯 Robin Williams / 罗伯...
48,素媛,9.2,2013,韩国,剧情, 李濬益 Jun-ik Lee, 薛景求 Kyung-gu Sol / 严志媛 Ji-won Uhm ...
49,寻梦环游记,9.0,2017,美国,喜剧 动画 奇幻 音乐, 李·昂克里奇 Lee Unkrich / 阿德里安·莫利纳 Adrian Molina, ...
50,指环王2：双塔奇兵,9.0,2002,美国 新西兰,剧情 动作 奇幻 冒险, 彼得·杰克逊 Peter Jackson, 伊利亚·伍德 Elijah Wood / 西恩...
51,教父2,9.2,1974,美国,剧情 犯罪, 弗朗西斯·福特·科波拉 Francis Ford Coppola, 阿尔·帕西诺 A...
52,V字仇杀队,8.8,2005,美国 英国 德国,剧情 动作 科幻 惊悚, 詹姆斯·麦克特格 James McTeigue, 娜塔莉·波特曼 Natalie Por...
53,指环王1：魔戒再现,9.0,2001,新西兰 美国,剧情 动作 奇幻 冒险, 彼得·杰克逊 Peter Jackson, 伊利亚·伍德 Elijah Wood / 西恩...
54,海豚湾,9.3,2009,美国,纪录片, 路易·西霍尤斯 Louie Psihoyos, Richard O'Barry / 路易·西霍...
55,饮食男女,9.1,1994,台湾 美国,剧情 家庭, 李安 Ang Lee, 郎雄 Sihung Lung / 杨贵媚 Kuei-Mei Yang / 吴...
56,狮子王,9.0,1994,美国,剧情 动画 冒险 歌舞 家庭, Roger Allers / 罗伯·明可夫 Rob Minkoff, 乔纳森·泰勒·托马...
57,美丽心灵,8.9,2001,美国,传记 剧情, 朗·霍华德 Ron Howard, 罗素·克劳 Russell Crowe / 艾德·哈...
58,情书,8.9,1995,日本,剧情 爱情, 岩井俊二 Shunji Iwai, 中山美穗 Miho Nakayama / 丰川悦司 Ets...
59,钢琴家,9.1,2002,法国 德国 英国 波兰,剧情 传记 历史 战争 音乐, 罗曼·波兰斯基 Roman Polanski, 艾德里安·布洛迪 Adrien Brod...
60,本杰明·巴顿奇事,8.8,2008,美国,剧情 爱情 奇幻, 大卫·芬奇 David Fincher, 凯特·布兰切特 Cate Blanchett / ...
61,美国往事,9.1,1984,意大利 美国,犯罪 剧情, 赛尔乔·莱翁内 Sergio Leone, 罗伯特·德尼罗 Robert De Niro ...
62,看不见的客人,8.8,2016,西班牙,剧情 犯罪 悬疑 惊悚, 奥里奥尔·保罗 Oriol Paulo, 马里奥·卡萨斯 Mario Casas / 阿...
63,黑客帝国,8.9,1999,美国 澳大利亚,动作 科幻, 安迪·沃卓斯基 Andy Wachowski / 拉娜·沃卓斯基 Lana Wachowski,None
64,小鞋子,9.2,1997,伊朗,剧情 儿童 家庭, 马基德·马基迪 Majid Majidi, 法拉赫阿米尔·哈什米安 Amir Fa...
65,西西里的美丽传说,8.8,2000,意大利 美国,剧情 战争 情色, 朱塞佩·托纳多雷 Giuseppe Tornatore, 莫妮卡·贝鲁奇 Monica ...
66,大闹天宫,9.3,1961(中国大陆) / 1964(中国大陆) / 1978(中国大陆) / 2004(中国大陆),中国大陆,动画 奇幻, 万籁鸣 Laiming Wan / 唐澄 Cheng  Tang, 邱岳峰 Yuefeng Qiu /...
67,哈利·波特与魔法石,8.9,2001,美国 英国,奇幻 冒险, Chris Columbus, Daniel Radcliffe / Emma Watson / Rupert Grint
68,让子弹飞,8.7,2010,中国大陆 香港,剧情 喜剧 动作 西部, 姜文 Wen Jiang, 姜文 Wen Jiang / 葛优 You Ge / 周润发 Yun-F...
69,拯救大兵瑞恩,8.9,1998,美国,剧情 历史 战争, 史蒂文·斯皮尔伯格 Steven Spielberg, 汤姆·汉克斯 Tom Hanks...
70,致命魔术,8.8,2006,美国 英国,剧情 悬疑 惊悚, 克里斯托弗·诺兰 Christopher Nolan, 休·杰克曼 Hugh Jackman...
71,七宗罪,8.8,1995,美国,剧情 犯罪 悬疑 惊悚, 大卫·芬奇 David Fincher, 摩根·弗里曼 Morgan Freeman / 布...
72,被嫌弃的松子的一生,8.9,2006,日本,剧情 歌舞, 中岛哲也 Tetsuya Nakashima, 中谷美纪 Miki Nakatani / 瑛太 E...
73,音乐之声,9.0,1965,美国,剧情 传记 爱情 歌舞, 罗伯特·怀斯 Robert Wise, 朱莉·安德鲁斯 Julie Andrews / 克...
74,低俗小说,8.8,1994,美国,剧情 喜剧 犯罪, 昆汀·塔伦蒂诺 Quentin Tarantino, 约翰·特拉沃尔塔 John Tra...
75,沉默的羔羊,8.8,1991,美国,剧情 犯罪 惊悚, 乔纳森·戴米 Jonathan Demme, 朱迪·福斯特 Jodie Foster / 安...
76,天使爱美丽,8.7,2001,法国 德国,喜剧 爱情, 让-皮埃尔·热内 Jean-Pierre Jeunet, 奥黛丽·塔图 Audrey Tau...
77,猫鼠游戏,8.9,2002,美国 加拿大,传记 犯罪 剧情, 史蒂文·斯皮尔伯格 Steven Spielberg, 莱昂纳多·迪卡普里奥 L...
78,勇敢的心,8.9,1995,美国,动作 传记 剧情 历史 战争, 梅尔·吉布森 Mel Gibson, 梅尔·吉布森 Mel Gibson / 苏菲·玛...
79,蝴蝶效应,8.7,2004,美国 加拿大,剧情 悬疑 科幻 惊悚, 埃里克·布雷斯 Eric Bress / J·麦基·格鲁伯 J. Mackye Gruber,None
80,剪刀手爱德华,8.7,1990,美国,剧情 奇幻 爱情, 蒂姆·波顿 Tim Burton, 约翰尼·德普 Johnny Depp / 薇诺娜·...
81,春光乍泄,8.9,1997,香港 日本 韩国,剧情 爱情 同性, 王家卫 Kar Wai Wong, 张国荣 Leslie Cheung / 梁朝伟 Tony Leu...
82,心灵捕手,8.8,1997,美国,剧情, 格斯·范·桑特 Gus Van Sant, 马特·达蒙 Matt Damon / 罗宾·...
83,禁闭岛,8.7,2010,美国,剧情 悬疑 惊悚, Martin Scorsese, 莱昂纳多·迪卡普里奥 Leonardo DiCaprio / ...
84,布达佩斯大饭店,8.8,2014,美国 德国 英国,剧情 喜剧 冒险, 韦斯·安德森 Wes Anderson, 拉尔夫·费因斯 Ralph Fiennes / ...
85,穿条纹睡衣的男孩,9.0,2008,英国 美国,剧情 战争, 马克·赫尔曼 Mark Herman, 阿萨·巴特菲尔德 Asa Butterfield ...
86,入殓师,8.8,2008,日本,剧情, 泷田洋二郎 Yôjirô Takita, 本木雅弘 Masahiro Motoki / ...
87,阿凡达,8.7,2009,美国 英国,动作 战争 科幻 冒险, 詹姆斯·卡梅隆 James Cameron, 萨姆·沃辛顿 Sam Worthington ...
88,幽灵公主,8.8,1997,日本,动画 奇幻 冒险, 宫崎骏 Hayao Miyazaki, 松田洋治 Yôji Matsuda / 石田百合...
89,阳光灿烂的日子,8.8,1994,中国大陆 香港,剧情 爱情, 姜文 Wen Jiang, 夏雨 Yu Xia / 宁静 Jing Ning / 陶虹 Hong Tao
90,致命ID,8.7,2003,美国,剧情 悬疑 惊悚, James Mangold, John Cusack / Ray Liotta / Amanda Peet
91,第六感,8.8,1999,美国,剧情 悬疑 惊悚, M·奈特·沙马兰 M. Night Shyamalan, 布鲁斯·威利斯 Bruce Wi...
92,加勒比海盗,8.7,2003,美国,动作 冒险 奇幻, 戈尔·维宾斯基 Gore Verbinski, 约翰尼·德普 Johnny Depp / ...
93,狩猎,9.1,2012,丹麦 瑞典,剧情, 托马斯·温特伯格 Thomas Vinterberg, 麦斯·米科尔森 Mads Mik...
94,断背山,8.7,2005,美国 加拿大,剧情 爱情 同性 家庭, 李安 Ang Lee, 希斯·莱杰 Heath Ledger / 杰克·吉伦哈尔 Jake...
95,玛丽和马克思,8.9,2009,澳大利亚,剧情 喜剧 动画, 亚当·艾略特 Adam Elliot, 托妮·科莱特 Toni Collette / 菲利...
96,重庆森林,8.7,1994,香港,剧情 爱情, 王家卫 Kar Wai Wong, 林青霞 Brigitte Lin / 金城武 Takeshi K...
97,摩登时代,9.2,1936,美国,剧情 喜剧 爱情, 查理·卓别林 Charles Chaplin, 查理·卓别林 Charles Chaplin ...
98,喜剧之王,8.7,1999,香港,喜剧 剧情 爱情, 周星驰 Stephen Chow / 李力持 Lik-Chi Lee, 周星驰 Stephen Ch...
99,告白,8.7,2010,日本,剧情 惊悚, 中岛哲也 Tetsuya Nakashima, 松隆子 Takako Matsu / 冈田将生 ...
100,大鱼,8.8,2003,美国,剧情 家庭 奇幻 冒险, 蒂姆·波顿 Tim Burton, 伊万·麦克格雷格 Ewan McGregor / 阿...
101,消失的爱人,8.7,2014,美国,剧情 犯罪 悬疑 惊悚, 大卫·芬奇 David Fincher, 本·阿弗莱克 Ben Affleck / 罗莎蒙...
102,一一,9.0,2000,台湾 日本,剧情 爱情 家庭, 杨德昌 Edward Yang, 吴念真 / 李凯莉 Kelly Lee / 金燕玲 Elai...
103,射雕英雄传之东成西就,8.7,1993,香港,喜剧 奇幻 武侠 古装, 刘镇伟 Jeffrey Lau, 梁朝伟 Tony Leung Chiu Wai / 林青霞 Bri...
104,阳光姐妹淘,8.8,2011,韩国,剧情 喜剧, 姜炯哲 Hyeong-Cheol Kang, 沈恩京 Eun-kyung Shim / 闵孝琳 Hy...
105,甜蜜蜜,8.8,1996,香港,剧情 爱情, 陈可辛 Peter Chan, 黎明 Leon Lai / 张曼玉 Maggie Cheung / ...
106,爱在黎明破晓前,8.8,1995,美国 奥地利 瑞士,剧情 爱情, 理查德·林克莱特 Richard Linklater, 伊桑·霍克 Ethan Hawke ...
107,小森林 夏秋篇,9.0,2014,日本,剧情, 森淳一 Junichi Mori, 桥本爱 Ai Hashimoto / 三浦贵大 Takahir...
108,驯龙高手,8.7,2010,美国,动画 奇幻 冒险, 迪恩·德布洛斯 Dean DeBlois / 克里斯·桑德斯 Chris Sanders,...
109,侧耳倾听,8.8,1995,日本,剧情 爱情 动画, 近藤喜文 Yoshifumi Kondo, 本名阳子 Youko Honna / 小林桂树 K...
110,请以你的名字呼唤我,8.8,2017,意大利 法国 巴西 美国 荷兰 德国,剧情 爱情 同性, 卢卡·瓜达尼诺 Luca Guadagnino, 艾米·汉莫 Armie Hammer / ...
111,红辣椒,8.9,2006,日本,动画 悬疑 科幻 惊悚, 今敏 Satoshi Kon, 林原惠美 Megumi Hayashibara / 江守彻 Toru...
112,倩女幽魂,8.7,1987,香港,爱情 奇幻 武侠 古装, 程小东 Siu-Tung Ching, 张国荣 Leslie Cheung / 王祖贤 Joey W...
113,恐怖直播,8.7,2013,韩国,剧情 犯罪 悬疑, 金秉祐 Byeong-woo Kim, 河正宇 Jung-woo Ha / 李璟荣 Kyeong-y...
114,风之谷,8.8,1984,日本,动画 奇幻 冒险, 宫崎骏 Hayao Miyazaki, 岛本须美 Sumi Shimamoto / 松田洋治 Y...
115,超脱,8.8,2011,美国,剧情, 托尼·凯耶 Tony Kaye, 艾德里安·布洛迪 Adrien Brody / 马西...
116,上帝之城,8.9,2002,巴西 法国,犯罪 剧情, Kátia Lund / Fernando Meirelles, Alexandre Rodrigues / Lea...
117,爱在日落黄昏时,8.8,2004,美国,剧情 爱情, 理查德·林克莱特 Richard Linklater, 伊桑·霍克 Ethan Hawke ...
118,菊次郎的夏天,8.8,1999,日本,剧情 喜剧, 北野武 Takeshi Kitano, 北野武 Takeshi Kitano / 关口雄介 Yus...
119,幸福终点站,8.7,2004,美国,喜剧 剧情 爱情, 史蒂文·斯皮尔伯格 Steven Spielberg, 汤姆·汉克斯 Tom Hanks...
120,哈利·波特与死亡圣器(下),8.7,2011,美国 英国,剧情 悬疑 奇幻 冒险, 大卫·叶茨 David Yates, 丹尼尔·雷德克里夫 Daniel Radcliffe...
121,小森林 冬春篇,9.0,2015,日本,剧情, 森淳一 Junichi Mori, 桥本爱 Ai Hashimoto / 三浦贵大 Takahir...
122,杀人回忆,8.7,2003,韩国,犯罪 剧情 悬疑 惊悚, 奉俊昊 Joon-ho Bong, 宋康昊 Kang-ho Song / 金相庆 Sang-kyun...
123,7号房的礼物,8.8,2013,韩国,剧情 喜剧 家庭, 李焕庆 Hwan-kyeong Lee, 柳承龙 Seung-yong Ryoo / 朴信惠 Shi...
124,神偷奶爸,8.5,2010,美国 法国,喜剧 动画 冒险, 皮艾尔·柯芬 Pierre Coffin / 克里斯·雷纳德 Chris Renaud, ...
125,借东西的小人阿莉埃蒂,8.7,2010,日本,动画 奇幻 冒险, 米林宏昌 Hiromasa Yonebayashi, 志田未来 Mirai Shida / 神木...
126,萤火之森,8.8,2011,日本,剧情 爱情 动画 奇幻, 大森贵弘 Takahiro Omori, 佐仓绫音 Ayane Sakura / 内山昂辉 K...
127,唐伯虎点秋香,8.5,1993,香港,喜剧 爱情 古装, 李力持 Lik-Chi Lee, 周星驰 Stephen Chow / 巩俐 Li Gong / 陈...
128,蝙蝠侠：黑暗骑士崛起,8.7,2012,美国 英国,剧情 动作 科幻 犯罪 惊悚, 克里斯托弗·诺兰 Christopher Nolan, 克里斯蒂安·贝尔 Christ...
129,超能陆战队,8.6,2014,美国,喜剧 动作 科幻 动画 冒险, 唐·霍尔 Don Hall / 克里斯·威廉姆斯 Chris Williams, 斯科特...
130,怪兽电力公司,8.6,2001,美国,儿童 喜剧 动画 奇幻 冒险, 彼特·道格特 Pete Docter / 大卫·斯沃曼 David Silverman, 约...
131,岁月神偷,8.7,2010,香港 中国大陆,剧情 家庭, 罗启锐 Alex Law, 吴君如 Sandra Ng / 任达华 Simon Yam / 钟绍...
132,电锯惊魂,8.7,2004,美国,悬疑 惊悚 恐怖, 詹姆斯·温 James Wan, 雷·沃纳尔 Leigh Whannell / 加利·艾...
133,七武士,9.2,1954,日本,动作 冒险 剧情, 黑泽明 Akira Kurosawa, 三船敏郎 Toshirô Mifune / 志村乔 ...
134,谍影重重3,8.7,2007,美国 德国,动作 悬疑 惊悚, 保罗·格林格拉斯 Paul Greengrass, 马特·达蒙 Matt Damon / ...
135,真爱至上,8.6,2003,英国 美国 法国,喜剧 剧情 爱情, 理查德·柯蒂斯 Richard Curtis, 休·格兰特 Hugh Grant / 柯林...
136,无人知晓,9.1,2004,日本,剧情, 是枝裕和 Hirokazu Koreeda, 柳乐优弥 Yûya Yagira / 北浦爱...
137,疯狂原始人,8.7,2013,美国,喜剧 动画 冒险, 科克·德·米科 Kirk De Micco / 克里斯·桑德斯 Chris Sanders,None
138,喜宴,8.9,1993,台湾 美国,剧情 喜剧 爱情 同性 家庭, 李安 Ang Lee, 赵文瑄 Winston Chao / 郎雄 Sihung Lung / 归亚...
139,英雄本色,8.6,1986,香港,动作 犯罪, 吴宇森 John Woo, 周润发 Yun-Fat Chow / 狄龙 Lung Ti / 张国...
140,萤火虫之墓,8.7,1988,日本,动画 剧情 战争, 高畑勋 Isao Takahata, 辰己努 / 白石绫乃 / 志乃原良子
141,东邪西毒,8.6,1994,香港 台湾,剧情 动作 爱情 武侠 古装, 王家卫 Kar Wai Wong, 张国荣 Leslie Cheung / 林青霞 Brigitte...
142,贫民窟的百万富翁,8.5,2008,英国 美国,剧情 爱情, 丹尼·鲍尔 Danny Boyle / 洛芙琳·坦丹 Loveleen Tandan, 戴夫...
143,黑天鹅,8.5,2010,美国,剧情 惊悚, 达伦·阿罗诺夫斯基 Darren Aronofsky, 娜塔莉·波特曼 Natalie...
144,记忆碎片,8.6,2000,美国,犯罪 剧情 悬疑 惊悚, 克里斯托弗·诺兰 Christopher Nolan, 盖·皮尔斯 Guy Pearce /...
145,血战钢锯岭,8.7,2016,美国 澳大利亚,剧情 传记 历史 战争, 梅尔·吉布森 Mel Gibson, 安德鲁·加菲尔德 Andrew Garfield /...
146,傲慢与偏见,8.5,2005,法国 英国 美国,剧情 爱情, 乔·怀特 Joe Wright, 凯拉·奈特莉 Keira Knightley / 马修·...
147,心迷宫,8.7,2014,中国大陆,剧情 犯罪 悬疑, 忻钰坤 Yukun Xin, 霍卫民 Weimin Huo / 王笑天 Xiaotian Wang ...
148,时空恋旅人,8.7,2013,英国,喜剧 爱情 奇幻, 理查德·柯蒂斯 Richard Curtis, 多姆纳尔·格里森 Domhnall Gl...
149,荒蛮故事,8.8,2014,阿根廷 西班牙,剧情 喜剧 犯罪, 达米安·斯兹弗隆 Damián Szifron, 达里奥·葛兰帝内提 Darío...
150,纵横四海,8.7,1991,香港,剧情 喜剧 动作 犯罪, 吴宇森 John Woo, 周润发 Yun-Fat Chow / 张国荣 Leslie Cheung...
151,雨人,8.7,1988,美国,剧情, 巴瑞·莱文森 Barry Levinson, 达斯汀·霍夫曼 Dustin Hoffman ...
152,教父3,8.8,1990,美国,剧情 犯罪, 弗朗西斯·福特·科波拉 Francis Ford Coppola, 阿尔·帕西诺 A...
153,达拉斯买家俱乐部,8.7,2013,美国,剧情 传记 同性, 让-马克·瓦雷 Jean-Marc Vallée, 马修·麦康纳 Matthew McCon...
154,玩具总动员3,8.8,2010,美国,喜剧 动画 奇幻 冒险, 李·昂克里奇 Lee Unkrich, 汤姆·汉克斯 Tom Hanks / 蒂姆·艾...
155,完美的世界,9.1,1993,美国,剧情 犯罪, 克林特·伊斯特伍德 Clint Eastwood, 凯文·科斯特纳 Kevin Cos...
156,卢旺达饭店,8.9,2004,英国 南非 意大利 美国,剧情 历史 战争, 特瑞·乔治 Terry George, 唐·钱德尔 Don Cheadle / 苏菲·奥...
157,花样年华,8.6,2000,香港,剧情 爱情, 王家卫 Kar Wai Wong, 梁朝伟 Tony Leung Chiu Wai / 张曼玉 Ma...
158,海边的曼彻斯特,8.6,2016,美国,剧情 家庭, 肯尼斯·罗纳根 Kenneth Lonergan, 卡西·阿弗莱克 Casey Affle...
159,海洋,9.0,2009,法国 瑞士 西班牙 美国 阿联酋,纪录片, 雅克·贝汉 Jacques Perrin / 雅克·克鲁奥德 Jacques Cluzaud,...
160,恋恋笔记本,8.5,2004,美国,剧情 爱情, 尼克·卡索维茨 Nick Cassavetes, 瑞恩·高斯林 Ryan Gosling /...
161,虎口脱险,8.9,1966,法国 英国,喜剧 战争, 杰拉尔·乌里 Gérard Oury, 路易·德·菲耐斯 Louis de Funès...
162,你看起来好像很好吃,8.8,2010,日本,剧情 动画 儿童, 藤森雅也 Masaya Fujimori, 山口胜平 Kappei Yamaguchi / 爱河...
163,被解救的姜戈,8.6,2012,美国,剧情 动作 西部 冒险, 昆汀·塔伦蒂诺 Quentin Tarantino, 杰米·福克斯 Jamie Foxx /...
164,二十二,8.7,2015,中国大陆,纪录片, 郭柯 Ke Guo,
165,头脑特工队,8.7,2015,美国,喜剧 动画 冒险, 彼特·道格特 Pete Docter / 罗纳尔多·德尔·卡门 Ronaldo Del Carmen,None
166,三块广告牌,8.7,2017,美国 英国,剧情 犯罪, 马丁·麦克唐纳 Martin McDonagh, 弗兰西斯·麦克多蒙德 France...
167,无敌破坏王,8.7,2012,美国,喜剧 动画 奇幻 冒险, 瑞奇·莫尔 Rich Moore, 约翰·C·赖利 John C. Reilly / 萨拉...
168,雨中曲,9.0,1952,美国,喜剧 歌舞 爱情, 斯坦利·多南 Stanley Donen / 吉恩·凯利 Gene Kelly, 吉恩·...
169,冰川时代,8.5,2002,美国,喜剧 动画 冒险, 卡洛斯·沙尔丹哈 Carlos Saldanha / 克里斯·韦奇 Chris Wedge,None
170,你的名字。,8.4,2016,日本,剧情 爱情 动画, 新海诚 Makoto Shinkai, 神木隆之介 Ryûnosuke Kamiki / 上...
171,燃情岁月,8.8,1994,美国,剧情 爱情 战争 西部, 爱德华·兹威克 Edward Zwick, 布拉德·皮特 Brad Pitt / 安东...
172,我是山姆,8.9,2001,美国,剧情 家庭, 杰茜·尼尔森 Jessie Nelson, Sean Penn / Dakota Fanning / Mi...
173,爆裂鼓手,8.6,2014,美国,剧情 音乐, 达米恩·查泽雷 Damien Chazelle, 迈尔斯·特勒 Miles Teller /...
174,人工智能,8.6,2001,美国,冒险 剧情 科幻, 史蒂文·斯皮尔伯格 Steven Spielberg, 海利·乔·奥斯蒙 Haley...
175,未麻的部屋,8.9,1997,日本,动画 奇幻 惊悚, 今敏 Satoshi Kon, 岩男润子 Junko Iwao / 松本梨香 Rica Matsu...
176,穿越时空的少女,8.6,2006,日本,剧情 爱情 科幻 动画, 细田守 Mamoru Hosoda, 仲里依纱 Riisa Naka / 石田卓也 Takuya...
177,魂断蓝桥,8.8,1940,美国,剧情 爱情 战争, 茂文·勒鲁瓦 Mervyn LeRoy, 费雯·丽 Vivien Leigh / 罗伯特·...
178,一个叫欧维的男人决定去死,8.8,2015,瑞典,剧情, 汉内斯·赫尔姆 Hannes Holm, 罗夫·拉斯加德 Rolf Lassgård...
179,模仿游戏,8.6,2014,英国 美国,剧情 传记 战争 同性, 莫滕·泰杜姆 Morten Tyldum, 本尼迪克特·康伯巴奇 Benedict C...
180,猜火车,8.5,1996,英国,剧情 犯罪, 丹尼·博伊尔 Danny Boyle, 伊万·麦克格雷格 Ewan McGregor / ...
181,房间,8.8,2015,爱尔兰 加拿大 英国 美国,剧情 家庭, 伦尼·阿伯拉罕森 Lenny Abrahamson, 布丽·拉尔森 Brie Larson...
182,忠犬八公物语,9.1,1987,日本,剧情, Seijirô Kôyama, 山本圭 Kei Yamamoto / 井川比佐志 Hisa...
183,恐怖游轮,8.4,2009,英国 澳大利亚,剧情 悬疑 惊悚, 克里斯托弗·史密斯 Christopher Smith, 梅利莎·乔治 Melissa ...
184,罗生门,8.7,1950,日本,犯罪 剧情 悬疑, 黑泽明 Akira Kurosawa, 三船敏郎 Toshirô Mifune / 千秋实 ...
185,完美陌生人,8.5,2016,意大利,剧情 喜剧, 保罗·格诺维瑟 Paolo Genovese, 马可·贾利尼 Marco Giallini ...
186,魔女宅急便,8.6,1989,日本,动画 奇幻 冒险, 宫崎骏 Hayao Miyazaki, 高山南 Minami Takayama / 佐久间玲 Re...
187,阿飞正传,8.5,1990,香港,犯罪 剧情 爱情, 王家卫 Kar Wai Wong, 张国荣 Leslie Cheung / 张曼玉 Maggie C...
188,香水,8.5,2006,德国 法国 西班牙 美国,剧情 犯罪 奇幻, 汤姆·提克威 Tom Tykwer, 本·卫肖 Ben Whishaw / 艾伦·瑞克...
189,哪吒闹海,8.9,1979,中国大陆,冒险 动画 奇幻, 严定宪 Dingxian Yan / 王树忱 Shuchen Wang, 梁正晖 Zhenghui ...
190,浪潮,8.7,2008,德国,剧情 惊悚, 丹尼斯·甘塞尔 Dennis Gansel, 尤尔根·沃格尔 Jürgen Vogel ...
191,黑客帝国3：矩阵革命,8.6,2003,美国 澳大利亚,动作 科幻, Andy Wachowski / Larry Wachowski, 基努·里维斯 Keanu Reeves...
192,海街日记,8.7,2015,日本,剧情 家庭, 是枝裕和 Hirokazu Koreeda, 绫濑遥 Haruka Ayase / 长泽雅美 M...
193,朗读者,8.5,2008,美国 德国,剧情 爱情, 史蒂芬·戴德利 Stephen Daldry, 凯特·温丝莱特 Kate Winslet ...
194,可可西里,8.7,2004,中国大陆 香港,剧情 犯罪, 陆川 Chuan Lu, 多布杰 Duobujie / 张磊 Lei Zhang / 亓亮 Qi L...
195,谍影重重2,8.6,2004,美国 德国,动作 悬疑 惊悚, 保罗·格林格拉斯 Paul Greengrass, 马特·达蒙 Matt Damon / ...
196,谍影重重,8.5,2002,美国 德国 捷克,动作 悬疑 惊悚, 道格·里曼 Doug Liman, 马特·达蒙 Matt Damon / 弗兰卡·波坦...
197,战争之王,8.6,2005,美国 法国,剧情 犯罪, 安德鲁·尼科尔 Andrew Niccol, 尼古拉斯·凯奇 Nicolas Cage /...
198,牯岭街少年杀人事件,8.8,1991,台湾,剧情 犯罪, 杨德昌 Edward Yang, 张震 Chen Chang / 杨静怡 Lisa Yang / 张...
199,地球上的星星,8.9,2007,印度,剧情 儿童 家庭, 阿米尔·汗 Aamir Khan, 达席尔·萨法瑞 Darsheel Safary / 阿...
200,惊魂记,8.9,1960,美国,悬疑 惊悚 恐怖, Alfred Hitchcock, Janet Leigh / Anthony Perkins / Vera Miles
201,青蛇,8.5,1993,香港,剧情 爱情 奇幻 古装, 徐克 Hark Tsui, 张曼玉 Maggie Cheung / 王祖贤 Joey Wang / ...
202,疯狂的石头,8.4,2006,中国大陆 香港,喜剧 犯罪, 宁浩 Hao Ning, 郭涛 Tao Guo / 刘桦 Hua Liu / 连晋 Teddy Lin
203,一次别离,8.7,2011,伊朗 法国,剧情 家庭, 阿斯哈·法哈蒂  Asghar Farhadi, 佩曼·莫阿迪 Peyman Moadi /...
204,追随,8.9,1998,英国,犯罪 悬疑 惊悚, 克里斯托弗·诺兰 Christopher Nolan, 杰里米·西奥伯德 Jeremy...
205,天书奇谭,9.1,1983(中国大陆) / 2019(中国大陆重映),中国大陆,动画 奇幻, 王树忱 Shuchen Wang / 钱运达 Yunda Qian, 丁建华 Jianhua Din...
206,终结者2：审判日,8.6,1991,美国 法国,动作 科幻, 詹姆斯·卡梅隆 James Cameron, 阿诺·施瓦辛格 Arnold Schwarz...
207,源代码,8.4,2011,美国 加拿大,科幻 悬疑 惊悚, 邓肯·琼斯 Duncan Jones, 杰克·吉伦哈尔 Jake Gyllenhaal / ...
208,初恋这件小事,8.3,2010,泰国,剧情 喜剧 爱情, 普特鹏·普罗萨卡·那·萨克那卡林 Puttipong Promsaka Na Sakolnakorn / 华森·波克彭...,None
209,步履不停,8.8,2008,日本,剧情 家庭, 是枝裕和 Hirokazu Koreeda, 阿部宽 Hiroshi Abe / 夏川结衣 Yu...
210,小萝莉的猴神大叔,8.5,2015,印度,剧情 喜剧 动作, 卡比尔·汗 Kabir Khan, 萨尔曼·汗 Salman Khan / 哈莎莉·马...
211,新龙门客栈,8.5,1992,香港 中国大陆,动作 爱情 武侠 古装, 李惠民 Raymond Lee, 张曼玉 Maggie Cheung / 林青霞 Brigitte ...
212,再次出发之纽约遇见你,8.5,2013,美国,喜剧 爱情 音乐, 约翰·卡尼 John Carney, 凯拉·奈特莉 Keira Knightley / 马克...
213,撞车,8.6,2004,美国 德国,犯罪 剧情, 保罗·哈吉斯 Paul Haggis, 桑德拉·布洛克 Sandra Bullock / ...
214,爱在午夜降临前,8.8,2013,美国 希腊,剧情 爱情, 理查德·林克莱特 Richard Linklater, 伊桑·霍克 Ethan Hawke ...
215,梦之安魂曲,8.7,2000,美国,剧情, 达伦·阿伦诺夫斯基 Darren Aronofsky, 艾伦·伯斯汀 Ellen Bur...
216,海蒂和爷爷,9.1,2015,德国 瑞士 南非,剧情 冒险 家庭, 阿兰·葛斯彭纳 Alain Gsponer, 阿努克·斯特芬 Anuk Steffen /...
217,无耻混蛋,8.5,2009,美国 德国,剧情 犯罪, Quentin Tarantino, 布拉德·皮特 Brad Pitt / 梅拉尼·罗兰 M...
218,东京物语,9.2,1953,日本,剧情 家庭, 小津安二郎 Yasujirô Ozu, 笠智众 Chishû Ryû / 原节...
219,城市之光,9.3,1931,美国,喜剧 剧情 爱情, Charles Chaplin, 查理·卓别林 Charles Chaplin / 弗吉尼亚·...
220,绿里奇迹,8.7,1999,美国,犯罪 剧情 奇幻 悬疑, Frank Darabont, 汤姆·汉克斯 Tom Hanks / 大卫·摩斯 David M...
221,彗星来的那一夜,8.5,2013,美国 英国,科幻 悬疑 惊悚, 詹姆斯·沃德·布柯特 James Ward Byrkit, 艾米丽·芭尔多尼 Em...
222,血钻,8.6,2006,美国 德国,剧情 惊悚 冒险, 爱德华·兹威克 Edward Zwick, 莱昂纳多·迪卡普里奥 Leonardo ...
223,2001太空漫游,8.7,1968,英国 美国,科幻 惊悚 冒险, 斯坦利·库布里克 Stanley Kubrick, 凯尔·杜拉 Keir Dullea / ...
224,这个男人来自地球,8.5,2007,美国,剧情 科幻, 理查德·沙因克曼 Richard Schenkman, 大卫·李·史密斯 David ...
225,E.T. 外星人,8.5,1982,美国,剧情 科幻, Steven Spielberg, Henry Thomas / Dee Wallace / Robert MacNa...
226,末路狂花,8.7,1991,美国 法国,犯罪 剧情 惊悚, 雷德利·斯科特 Ridley Scott, 吉娜·戴维斯 Geena Davis / 苏...
227,聚焦,8.8,2015,美国,剧情 传记, 托马斯·麦卡锡 Thomas McCarthy, 马克·鲁弗洛 Mark Ruffalo /...
228,功夫,8.3,2004,中国大陆 香港,动作 喜剧 犯罪 奇幻, 周星驰 Stephen Chow, 周星驰 Stephen Chow / 元秋 Qiu Yuen / ...
229,勇闯夺命岛,8.6,1996,美国,动作 冒险, 迈克尔·贝 Michael Bay, 肖恩·康纳利 Sean Connery / 尼古拉...
230,变脸,8.4,1997,美国,动作 科幻 犯罪 惊悚, 吴宇森 John Woo, 约翰·特拉沃尔塔 John Travolta / 尼古拉斯...
231,发条橙,8.5,1971,英国 美国,犯罪 剧情 科幻, Stanley Kubrick, Malcolm McDowell / Patrick Magee / Michael...
232,黄金三镖客,9.1,1966,意大利 西班牙 西德,冒险 西部, Sergio Leone, Clint Eastwood / Eli Wallach / Lee Van Cleef
233,黑鹰坠落,8.6,2001,美国,动作 历史 战争, 雷德利·斯科特 Ridley Scott, 乔什·哈奈特 Josh Hartnett / ...
234,秒速5厘米,8.3,2007,日本,动画 剧情 爱情, 新海诚 Makoto Shinkai, 水桥研二 Kenji Mizuhashi / 近藤好美 ...
235,非常嫌疑犯,8.6,1995,德国 美国,剧情 犯罪 悬疑 惊悚, 布莱恩·辛格 Bryan Singer, 史蒂芬·鲍德温 Stephen Baldwin /...
236,我爱你,9.0,2011,韩国,剧情 爱情, 秋昌民 Chang-min Choo, 宋在河 Jae-ho Song / 李顺载 Soon-jae...
237,卡萨布兰卡,8.6,1942,美国,剧情 爱情 战争, 迈克尔·柯蒂兹 Michael Curtiz, 亨弗莱·鲍嘉 Humphrey Bogart...
238,国王的演讲,8.4,2010,英国 澳大利亚 美国,剧情 传记 历史, 汤姆·霍珀 Tom Hooper, 柯林·菲尔斯 Colin Firth / 杰弗里·...
239,千钧一发,8.7,1997,美国,剧情 科幻 惊悚, 安德鲁·尼科尔 Andrew Niccol, 伊桑·霍克 Ethan Hawke / 乌玛...
240,奇迹男孩,8.6,2017,美国 香港,剧情 儿童 家庭, 斯蒂芬·卓博斯基 Stephen Chbosky, 雅各布·特伦布莱 Jacob Tr...
241,疯狂的麦克斯4：狂暴之路,8.6,2015,澳大利亚 美国,动作 科幻 冒险, 乔治·米勒 George Miller, 汤姆·哈迪 Tom Hardy / 查理兹·塞...
242,遗愿清单,8.6,2007,美国,冒险 喜剧 剧情, 罗伯·莱纳 Rob Reiner, 杰克·尼科尔森 Jack Nicholson / 摩根...
243,美国丽人,8.5,1999,美国,剧情 爱情 家庭, 萨姆·门德斯 Sam Mendes, 凯文·史派西 Kevin Spacey / 安妮特...
244,驴得水,8.3,2016,中国大陆,剧情 喜剧, 周申 Shen Zhou / 刘露 Lu Liu, 任素汐 Suxi Ren / 大力 Da Li ...
245,荒岛余生,8.5,2000,美国,冒险 剧情, 罗伯特·泽米吉斯 Robert Zemeckis, 汤姆·汉克斯 Tom Hanks / ...
246,碧海蓝天,8.7,1988,法国 美国 意大利,剧情 爱情, Luc Besson, 让-马克·巴尔 Jean-Marc Barr / 让·雷诺 Jean Re...
247,枪火,8.7,1999,香港,剧情 动作 犯罪, 杜琪峰 Johnnie To, 吴镇宇 Francis Ng / 任达华 Simon Yam / ...
248,四个春天,8.9,2017,中国大陆,纪录片 家庭, 陆庆屹 Lu Qing Yi, 陆运坤 / 李桂贤
249,新世界,8.7,2013,韩国,剧情 犯罪, 朴勋政 Hoon-jung Park, 李政宰 Jung-Jae Lee / 崔岷植 Min-sik...
